No.,Quantity,Comment,Designator,Footprint,Value,Manufacturer Part,Manufacturer,Supplier Part,Supplier
1,30,100nF,"C1,C4,C11,C12,C14,C21,C29,C32,C52,C55,C63,C70,C73,C74,C90,C96,C104,C105,C113,C124,C128,C134,C139,C140,C144,C145,C153,C155,C169,C181",C0603,100nF,CC0603KRX7R9BB104,YAGEO(国巨),C14663,LCSC
2,4,22uF,"C2,C3,C20,C31",C0805,22uF,CL21A226MAQNNNE,SAMSUNG(三星),C45783,LCSC
3,4,10uF,"C5,C6,C143,C146",C1210,10uF,TCC1210X5R106K101MT,CCTC(三环),C51892808,LCSC
4,1,100nF,C7,C0805,100nF,CL21B104KCFNNNE,SAMSUNG(三星),C28233,LCSC
5,2,10nF,"C8,C22",C1206,10nF,FM31X103K631ECG,PSA(信昌电陶),C382232,LCSC
6,1,47pF,C9,C0603,47pF,CL10C470JB8NNNC,SAMSUNG(三星),C1671,LCSC
7,1,22nF,C10,C0603,22nF,CL10B223KB8NNNC,SAMSUNG(三星),C21122,LCSC
8,5,1uF,"C13,C38,C148,C150,C157",C0402,1uF,CL05A105KA5NQNC,SAMSUNG(三星),C52923,LCSC
9,3,100nF,"C15,C19,C26",C0603,100nF,CT41G-0603-2X1-50V-0.1μF-K(N),TORCH(火炬),C125205,LCSC
10,2,10uF,"C16,C182",C0603,10uF,HGC0603R5106M350NTHJ,Chinocera(华瓷),C22367827,LCSC
11,1,22uF,C17,C0805,22uF,CGA0805X5R226M350MT,HRE(芯声),C6119901,LCSC
12,1,1uF,C18,C0603,1uF,CC0603KRX7R9BB105,YAGEO(国巨),C559769,LCSC
13,3,22uF,"C23,C24,C25",C2220,22uF,FS55X226K101LRG,PSA(信昌电陶),C7499406,LCSC
14,1,100pF,C27,C0603,100pF,CC0603JRNPO9BN101,YAGEO(国巨),C14665,LCSC
15,2,47uF,"C28,C30",C0805,47uF,CL21A476MQYNNNE,SAMSUNG(三星),C16780,LCSC
16,18,100nF,"C33,C39,C40,C41,C42,C43,C44,C45,C46,C47,C48,C49,C85,C147,C149,C152,C154,C156",C0402,100nF,CL05B104KB54PNC,SAMSUNG(三星),C307331,LCSC
17,2,10pF,"C34,C35",C0402,10pF,CC0402CG50V100JN,TORCH(火炬),C53084475,LCSC
18,2,6.8pF,"C36,C37",C0402,6.8pF,0402CG6R8C500NT,FH(风华),C1576,LCSC
19,6,100nF,"C50,C80,C84,C118,C119,C123",C0402,100nF,CC0402KRX7R8BB104,YAGEO(国巨),C105883,LCSC
20,6,2.2uF,"C51,C59,C65,C69,C101,C103",C1210,2.2uF,CC1210X7R100V225KN,TORCH(火炬),C54916862,LCSC
21,18,1nF,"C53,C54,C57,C58,C61,C66,C67,C72,C75,C77,C88,C108,C125,C126,C127,C129,C130,C131",C0603,1nF,CL10B102KB8NNNC,SAMSUNG(三星),C1588,LCSC
22,6,2.2uF,"C56,C71,C92,C97,C109,C114",C0805,2.2uF,CL21A225KBQNNNE,SAMSUNG(三星),C377773,LCSC
23,6,100nF,"C60,C76,C93,C98,C110,C115",C0603,100nF,CL10B104KC8NNNC,SAMSUNG(三星),C15725,LCSC
24,18,100pF,"C62,C64,C68,C78,C79,C89,C91,C94,C95,C99,C100,C102,C106,C107,C111,C112,C116,C117",C0603,100pF,CL10C101JB8NNNC,SAMSUNG(三星),C14858,LCSC
25,6,1uF,"C81,C82,C83,C120,C121,C122",C0603,1uF,CC0603KRX7R8BB105,YAGEO(国巨),C106858,LCSC
26,2,2.2uF,"C86,C87",C0402,2.2uF,CL05A225MQ5NSNC,SAMSUNG(三星),C12530,LCSC
27,1,100nF,C132,C0805,100nF,CC0805X7R25V104KN,TORCH(火炬),C53084462,LCSC
28,4,470uF,"C133,C136,C137,C138",CAP-TH_BD13.0-P5.00-D0.6-FD,470uF,ERG63V470M13X21,JIERR(捷而瑞),C47344187,LCSC
29,1,150pF,C135,C0603,150pF,CL10C151JB8NNNC,SAMSUNG(三星),C37298,LCSC
30,3,4.7nF,"C141,C142,C151",C0603,4.7nF,0603B472K500NT,FH(风华),C53987,LCSC
31,6,680pF,"C170,C171,C172,C173,C174,C175",C0603,680pF,CC0603GRNPO8BN681,YAGEO(国巨),C527059,LCSC
32,4,150pF,"C177,C178,C179,C180",C0603,150pF,CC0603JRNPO9BN151,YAGEO(国巨),C107038,LCSC
33,1,TF-015,CARD1,TF-SMD_TF-015,,TF-015,SOFNG(硕方),C113206,LCSC
34,2,559350410,"CN1,CN4",CONN-TH_4P-P2.0_559350410,,559350410,MOLEX,C564110,LCSC
35,1,KF7.62-2P(green),CN2,CONN-TH_2P-P7.62_KEFA_KF7.62-2P,,KF7.62-2P(green),KEFA(科发),C5173665,LCSC
36,4,559320410,"CN3,CN7,CN8,CN10",CONN-TH_4P_559320410,,559320410,MOLEX,C588359,LCSC
37,1,KF25H-7.62-5P,CN5,CONN-TH_KF25H-7.62-5P,,KF25H-7.62-5P,KEFA(科发),C964154,LCSC
38,1,BH127V-14P-H49,CN6,IDC-TH_14P-P1.27_C9900022506,,BH127V-14P-H49,XFCN(兴飞),C42462819,LCSC
39,1,559320510,CN9,CONN-TH_5P-P2.00_55932-05XX,,559320510,MOLEX,C293640,LCSC
40,1,505578-0371,CN11,CONN-SMD_3P-P2.00_5055780371,,505578-0371,MOLEX,C5200753,LCSC
41,2,XY2500R-DS-5.08-3P,"CN12,CN13",CONN-TH_3P-P5.08_ME050-5.08-3P,,XY2500R-DS-5.08-3P,XINLAIYA(新莱亚),C505843,LCSC
42,1,TY271R-5.0-04P-14-00,CN14,CONN-TH_8P-P5.00_TY271R-5.0-04P-14-00,,TY271R-5.0-04P-14-00,Toponelec(拓宜),C22387851,LCSC
43,1,B07B-PASK(LF)(SN),CN15,CONN-TH_B07B-PASK-LF-SN,,B07B-PASK(LF)(SN),JST,C158042,LCSC
44,2,DBT30S-7.62-4P-BK-P,"CN16,CN17",CONN-TH_DBT30S-7.62-4P,,DBT30S-7.62-4P-BK-P,DORABO(地博电气),C918084,LCSC
45,1,B560C-13-F,D1,SMC_L7.1-W6.2-LS8.1-RD,,B560C-13-F,DIODES(美台),C85100,LCSC
46,12,1N5819HW-7-F,"D2,D3,D4,D5,D6,D7,D12,D13,D14,D15,D16,D17",SOD-123_L2.7-W1.6-LS3.7-RD,,1N5819HW-7-F,DIODES(美台),C82544,LCSC
47,1,SMAJ60CA,D8,SMA_L4.4-W2.6-LS5.0-BI,,SMAJ60CA,RUILON(瑞隆源),C43848,LCSC
48,1,SMAJ60A,D9,SMA_L4.3-W2.6-LS5.0-RD,,SMAJ60A,TKS(兴勤),C1692726,LCSC
49,1,BZT52C3V6,D10,SOD-123_L2.7-W1.7-LS3.8-RD,,BZT52C3V6,TWGMC(台湾迪嘉),C726991,LCSC
50,1,NSR0320MW2T1G,D11,SOD-323_L1.8-W1.3-LS2.5-RD,,NSR0320MW2T1G,onsemi(安森美),C48192,LCSC
51,4,1N4148WS,"D18,D19,D20,D21",SOD-323_L1.7-W1.3-LS2.7-RD,,1N4148WS,baocheng(宝乘),C51898295,LCSC
52,2,SS34,"D22,D24",SMB_L4.3-W3.6-LS5.3-RD,,SS34,TECH PUBLIC(台舟),C3040628,LCSC
53,2,PESDNC2FD5VBS,"D23,D25",DFN1006-2L-BI,,PESDNC2FD5VBS,Prisemi(芯导),C110695,LCSC
54,8,ESD5311N,"D26,D27,D28,D31,D32,D33,D34,D42",DFN1006-2L-BI,,ESD5311N,TECH PUBLIC(台舟),C2936982,LCSC
55,2,PESD2CANFD24V-K,"D29,D30",SOT-23-3_L2.9-W1.3-P1.90-LS2.4-BR,,PESD2CANFD24V-K,PAKER(派克微),C5278878,LCSC
56,2,TPD1E01B04DPLR-TP,"D35,D36",DFN0603-D_L0.6-W0.3-P0.34-BI,,TPD1E01B04DPLR-TP,TECH PUBLIC(台舟),C2858717,LCSC
57,1,ESD56241D15-3/TR,D37,DFN-3_L2.0-W2.0-P0.65-BR,,ESD56241D15-3/TR,WILLSEMI(韦尔),C2931300,LCSC
58,6,SS210,"D38,D39,D40,D41,D43,D50",SMA_L4.3-W2.6-LS5.2-RD,,SS210,MDD(辰达半导体),C14996,LCSC
59,6,ESD5311N,"D44,D45,D46,D47,D48,D49",DFN1006-BI_1,,ESD5311N,FUXINSEMI(富芯森美),C5380680,LCSC
60,1,0451015.MRL,F1,FUSE-SMD_L6.1-W2.6,,0451015.MRL,Littelfuse(美国力特),C44480,LCSC
61,1,HDR-M_2.54_1x1P,H3,HDR-TH_1P-V-M_XKB_X4611WV-01I-C28D40,,,,,
62,1,33uH,L1,IND-SMD_L12.3-W12.3,33uH,SMDRI127-330MT,SXN(顺翔诺),C9400,LCSC
63,1,3.3uH,L2,IND-SMD_L7.0-W6.6,3.3uH,FXL0630-3R3-M,cjiang(长江微电),C167219,LCSC
64,2,MMZ1005S121CT000,"L3,L4",L0402,,MMZ1005S121CT000,TDK,C92036,LCSC
65,5,KT-0603W,"LED1,LED2,LED3,LED4,LED7",LED0603-R-RD_WHITE,,KT-0603W,KENTO,C2290,LCSC
66,2,19-217/Y5C-AM1N1VY/6T,"LED5,LED6",LED-SMD_L1.6-W0.8-FD,,19-217/Y5C-AM1N1VY/6T,EVERLIGHT(亿光),C2987477,LCSC
67,1,2.4GHz,MK1,WIRELM-SMD_ESP-07S,2.4GHz,ESP-07S,Ai-Thinker(安信可),C82895,LCSC
68,1,NTCS0603E3103FLT,NTC1,R0603,,NTCS0603E3103FLT,VISHAY(威世),C142556,LCSC
69,2,S8550,"Q1,Q7",SOT-23-3_L2.9-W1.3-P1.90-LS2.4-BR,,S8550,R+O(宏嘉诚),C20069126,LCSC
70,2,2N7002,"Q2,Q6",SOT-23-3_L2.9-W1.3-P0.95-LS2.4-BR,,2N7002,MSKSEMI(美森科),C5331134,LCSC
71,2,AOD4185,"Q3,Q4",TO-252-3_L6.6-W6.1-P4.57-LS9.9-BR-CW,,AOD4185,AOS,C400894,LCSC
72,1,PJA3441_R1_00001,Q5,SOT-23-3_L2.9-W1.3-P1.90-LS2.4-BR,,PJA3441_R1_00001,PANJIT(强茂),C313504,LCSC
73,1,HYG015N10NS1TA,Q8,TOLL-8_L10.4-W9.9-P1.20-LS11.7-BL,,HYG015N10NS1TA,HUAYI(华羿微),C2979263,LCSC
74,23,10KΩ,"R1,R11,R57,R107,R108,R111,R112,R128,R129,R130,R131,R145,R148,R149,R163,R176,R177,R191,R192,R193,R194,R214,R215",R0402,10KΩ,RC0402FR-070RL,YAGEO(国巨),C106231,LCSC
75,1,118kΩ,R2,R0603,118kΩ,0603WAF1183T5E,UNI-ROYAL(厚声),C25806,LCSC
76,1,178kΩ,R3,R0603,178kΩ,0603WAF1783T5E,UNI-ROYAL(厚声),C22823,LCSC
77,1,12kΩ,R4,R0603,12kΩ,0603WAF1202T5E,UNI-ROYAL(厚声),C22790,LCSC
78,1,8.45kΩ,R5,R0603,8.45kΩ,0603WAF8451T5E,UNI-ROYAL(厚声),C14892,LCSC
79,8,2mΩ,"R6,R34,R46,R64,R71,R90,R97,R166",RES-SMD_L6.4-W3.2-1,2mΩ,HoLLR2512-3W-2mR-1%,Milliohm(毫欧),C2994640,LCSC
80,8,100Ω,"R7,R168,R171,R201,R202,R203,R204,R205",R0603,100Ω,0603WAF1000T5E,UNI-ROYAL(厚声),C22775,LCSC
81,1,110kΩ,R8,R0603,110kΩ,RC0603FR-07110KL,YAGEO(国巨),C137807,LCSC
82,1,15kΩ,R9,R0603,15kΩ,RC0603FR-0715KL,YAGEO(国巨),C114661,LCSC
83,1,100kΩ,R10,R0603,100kΩ,RC0603FR-07100KL,YAGEO(国巨),C14675,LCSC
84,1,2.2kΩ,R12,R0603,2.2kΩ,CR0603-16W-2201FT,Venkel,C4212533,LCSC
85,2,0Ω,"R13,R14",R0402,0Ω,RC0402FR-070RL,YAGEO(国巨),C106231,LCSC
86,6,100Ω,"R15,R20,R99,R103,R195,R196",R0402,100Ω,RC0402FR-07100RL,YAGEO(国巨),C106232,LCSC
87,6,1.5kΩ,"R16,R21,R100,R104,R105,R106",R0603,1.5kΩ,0603WAF1501T5E,UNI-ROYAL(厚声),C22843,LCSC
88,1,3.9kΩ,R17,R0603,3.9kΩ,0603WAF3901T5E,UNI-ROYAL(厚声),C23018,LCSC
89,2,20kΩ,"R18,R101",R0402,20kΩ,RC0402FR-0720KL,YAGEO(国巨),C93942,LCSC
90,2,8.2kΩ,"R19,R102",R0402,8.2kΩ,CR0402FF8201G,LIZ(丽智电子),C100538,LCSC
91,36,10Ω,"R22,R24,R25,R28,R32,R33,R35,R36,R38,R44,R60,R61,R62,R66,R67,R68,R69,R86,R87,R88,R92,R93,R94,R95,R179,R180,R206,R207,R208,R209,R210,R211,R212,R213,R222,R223",R0603,10Ω,0603WAF100JT5E,UNI-ROYAL(厚声),C22859,LCSC
92,1,3.3kΩ,R23,R0603,3.3kΩ,0603WAF3301T5E,UNI-ROYAL(厚声),C22978,LCSC
93,2,4.99kΩ,"R26,R190",R0603,4.99kΩ,0603WAF4991T5E,UNI-ROYAL(厚声),C23046,LCSC
94,5,330Ω,"R27,R30,R40,R42,R151",R0603,330Ω,CR0603FA3300G,LIZ(丽智电子),C100967,LCSC
95,13,1kΩ,"R29,R41,R43,R50,R52,R53,R54,R73,R75,R78,R80,R81,R82",R0603,1kΩ,CR0603FA1001G,LIZ(丽智电子),C126900,LCSC
96,13,10kΩ,"R31,R39,R59,R63,R65,R70,R72,R85,R89,R91,R96,R98,R110",R0603,10kΩ,RC0603FR-0710KL,YAGEO(国巨),C98220,LCSC
97,12,22kΩ,"R37,R45,R47,R49,R51,R55,R56,R76,R77,R79,R83,R84",R0603,22kΩ,0603WAF2202T5E,UNI-ROYAL(厚声),C31850,LCSC
98,2,330Ω,"R48,R74",R0603,330Ω,0603WAF3300T5E,UNI-ROYAL(厚声),C23138,LCSC
99,1,10KΩ,R58,R0402,10KΩ,RC0402FR-070RL,YAGEO(国巨),,LCSC
100,1,82kΩ,R109,R0603,82kΩ,RC0603FR-0782KL,YAGEO(国巨),C137678,LCSC
101,8,3.6KΩ,"R113,R114,R115,R116,R132,R133,R134,R135",R0402,3.6KΩ,RC0402FR-070RL,YAGEO(国巨),C106231,LCSC
102,4,2.2KΩ,"R117,R118,R119,R120",R0402,2.2KΩ,RC0402FR-070RL,YAGEO(国巨),C106231,LCSC
103,7,22Ω,"R121,R122,R123,R124,R125,R126,R127",R0402,22Ω,RC0402FR-070RL,YAGEO(国巨),C106231,LCSC
104,1,91kΩ,R136,R0603,91kΩ,CRCW060391K0FKEA,VISHAY(威世),C844590,LCSC
105,1,9.1kΩ,R137,R0603,9.1kΩ,PTFR0603Q9K10N9,RESI(开步睿思),C52128475,LCSC
106,19,22Ω,"R138,R150,R152,R153,R154,R155,R156,R157,R158,R159,R160,R161,R162,R167,R169,R170,R172,R173,R174",R0402,22Ω,CRCW040222R0FKEDHP,VISHAY(威世),C313374,LCSC
107,4,470Ω,"R139,R140,R141,R142",R0603,470Ω,QR0603F470RP05Z,EVER OHMS(天二科技),C176130,LCSC
108,2,33kΩ,"R143,R146",R0603,33kΩ,PTFR0603B33K0N9,RESI(开步睿思),C2692834,LCSC
109,2,47kΩ,"R144,R147",R0603,47kΩ,PTFR0603B47K0P9,RESI(开步睿思),C328427,LCSC
110,2,5.1kΩ,"R164,R165",R0402,5.1kΩ,ERJ2RKF5101X,PANASONIC(松下),C278598,LCSC
111,4,0Ω,"R178,R186,R187,R188",R0402,0Ω,0402WGF0000TCE,UNI-ROYAL(厚声),C17168,LCSC
112,2,60.4Ω,"R185,R189",R0402,60.4Ω,AC0402FR-7W60R4L,YAGEO(国巨),C6491855,LCSC
113,1,3.9MΩ,R197,R0603,3.9MΩ,RC0603FR-0782KL,YAGEO(国巨),,LCSC
114,1,200kΩ,R198,R0603,200kΩ,CRCW060391K0FKEA,VISHAY(威世),,LCSC
115,1,274kΩ,R199,R0603,274kΩ,0603WAF1783T5E,UNI-ROYAL(厚声),,LCSC
116,1,18.7kΩ,R200,R0603,18.7kΩ,0603WAF1783T5E,UNI-ROYAL(厚声),,LCSC
117,4,1kΩ,"R216,R217,R218,R219",R0603,1kΩ,0603WAF1001T5E,UNI-ROYAL(厚声),C21190,LCSC
118,2,0Ω,"R220,R221",R0402,0Ω,RC0402FR-07100RL,YAGEO(国巨),,LCSC
119,4,Screw-Hole-M4,"SCREW1,SCREW2,SCREW3,SCREW4",Screw-Hole-M4,,,,,
120,2,SKRPACE010,"SW1,SW2",KEY-SMD_4P-L4.2-W3.2-P2.20-LS4.6,,SKRPACE010,ALPSALPINE(阿尔卑斯阿尔派),C139797,LCSC
121,2,Test-Point,"TP7,TP8",Test-Point-0.5mm,,,,,
122,1,SY8205FCC,U1,SOIC-8_L5.0-W4.0-P1.27-LS6.0-BL-EP2.0,,SY8205FCC,silergy(矽力杰),C111875,LCSC
123,1,TPS54360BDDAR,U2,SOIC-8_L5.0-W4.0-P1.27-LS6.0-BL-EP2.0,,TPS54360BDDAR,TI(德州仪器),C524806,LCSC
124,1,XC6210B332MR,U3,SOT-23-5_L2.9-W1.6-P0.95-LS2.8-BR,,XC6210B332MR,TECH PUBLIC(台舟),C3021084,LCSC
125,2,HX711,"U4,U38",SOP-16_L10.0-W3.9-P1.27-LS6.0-BL,,HX711,AVIA(海芯科技),C6705483,LCSC
126,1,LM74701QDDFRQ1,U5,TSOT-23-8_L2.9-W1.6-P0.65-LS2.8-BL,,LM74701QDDFRQ1,TI(德州仪器),C3236221,LCSC
127,2,SN74LVC3G17DCTR,"U6,U7",MSOP-8_L2.9-W2.8-P0.65-LS4.0-BL,,SN74LVC3G17DCTR,TI(德州仪器),C18213,LCSC
128,12,NCEP023N10LL,"U8,U10,U17,U21,U22,U23,U30,U31,U32,U33,U34,U37",PG-HSOF-8-1_L10.4-W9.9-P1.2-LS11.7-TL,,NCEP023N10LL,Tokmas(托克马斯),C22446735,LCSC
129,6,UCC27211DR,"U9,U20,U24,U25,U35,U36",SOP-8_L4.9-W3.9-P1.27-LS6.0-BL,,UCC27211DR,TI(德州仪器),C2871979,LCSC
130,2,XD-PHB-2*6AW,"U11,U12",CONN-TH_XD-PHB-2X6AW,,XD-PHB-2*6AW,XUNDA(讯答),C17700547,LCSC
131,1,AM26LV32EIPWR,U13,TSSOP-16_L5.0-W4.4-P0.65-LS6.4-BL,,AM26LV32EIPWR,TI(德州仪器),C404024,LCSC
132,2,TLV2374IPWR,"U14,U29",TSSOP-14_L5.0-W4.4-P0.65-LS6.5-BL,,TLV2374IPWR,TI(德州仪器),C468244,LCSC
133,1,W25Q128JVSIQ,U15,SOIC-8_L5.3-W5.3-P1.27-LS8.0-BL,,W25Q128JVSIQ,Winbond(华邦),C97521,LCSC
134,1,STM32H723ZGT6,U16,LQFP-144_L20.0-W20.0-P0.50-LS22.0-BL,,STM32H723ZGT6,ST(意法半导体),C730146,LCSC
135,2,"TLP291-4(GB-TP,E)","U18,U41",SOP-16_L10.3-W4.4-P1.27-LS7.0-BL,,"TLP291-4(GB-TP,E)",TOSHIBA(东芝),C60900,LCSC
136,1,ULN2003,U19,SOP-16_L9.9-W3.9-P1.27-LS6.0-BL,,ULN2003,HX(恒佳兴),C5181464,LCSC
137,2,INA240A1DR,"U26,U27",SOIC-8_L5.0-W4.0-P1.27-LS6.0-BL,,INA240A1DR,TI(德州仪器),C2060769,LCSC
138,2,19-217/R6C-P1Q2/6T,"U39,U40",LED0603-FD,,19-217/R6C-P1Q2/6T,EVERLIGHT(亿光),C2986061,LCSC
139,1,THVD2450DRBR,U45,SON-8_L3.0-W3.0-P0.65-TL-EP,,THVD2450DRBR,TI(德州仪器),C2878080,LCSC
140,1,TPT1334-SO1R,U46,SOP-8_L4.9-W3.9-P1.27-LS6.0-BL,,TPT1334-SO1R,3PEAK(思瑞浦),C44859616,LCSC
141,1,502585-0470,U47,CONN-SMD_4P-P1.50_MOLEX_5025850470,,502585-0470,MOLEX,C724099,LCSC
142,1,5055780471,U48,CONN-SMD_4P-P2.00_5055780471,,5055780471,MOLEX,C588017,LCSC
143,1,1054500101,USBC1,USB-C-SMD_TYPE-C-USB-18,,1054500101,MOLEX,C134092,LCSC
144,1,25MHz,X1,CRYSTAL-SMD_4P-L3.2-W2.5-BL,25MHz,X322525MMB4SI,YXC(扬兴晶振),C70582,LCSC
145,1,X1A000141000600,X2,CRYSTAL-SMD_L3.2-W1.5,,X1A000141000600,EPSON(爱普生),C25376902,LCSC
146,12,RSB16VTE-17,"ZD1,ZD2,ZD3,ZD4,ZD5,ZD6,ZD7,ZD8,ZD9,ZD10,ZD11,ZD35",SOD-323_L1.8-W1.3-LS2.7-BI,,RSB16VTE-17,ROHM(罗姆),C559663,LCSC
